,"msi_rx","mfd_sec_cluster","mfd_sec_fab","mfd_sec_lba","mfd_sec","mfd_data_cluster","mfd_data_fab","mfd_data_lba","mfd_data","sfd_stig_cluster","sfd_stig_fab","sfd_stig_lba","sfd_stig","sfd_data_cluster","sfd_data_fab","sfd_data_lba","sfd_data","spi_cntl_cluster","spi_cntl_fab","spi_cntl_lba","spi_cntl","sd_flash_cluster","sd_flash_fab","sd_flash_lba","sd_flash","i2c_cluster","i2c_fab","i2c_lba","i2c","avalon_fab_cluster","avalon_fab","avalon_bridge","nina","ddr_fab_cluster","ddr_fab","ddr_buf_ctrl","ddr_bridge_ctrl","ddr_ctrl","eth_fab_cluster","eth_fab","eth_bridge","eth_mac","eth_tx","eth_rx","eth_io","sfd_trans_cluster","sfd_trans_fab","sfd_trans","sfd_trans_lba","mfd_trans_cluster","mfd_trans_fab","mfd_trans_lba","mfd_trans"
"msi_rx",,,,,,,,,,,,,,,,,,,,,,,,,,,,,,,,,,,,,,,,,,,,,,,,,,,,,
"mfd_sec_cluster",,,,,,,,,,,,,,,,,,,,,,,,,,,,,,,,,,,,,,,,,,,,,,,,,,,,,
"mfd_sec_fab",,,,"ifc(ifc_2:fab_add:fab_drop); // msf_msl",,,,,,,,,,,,,,,,,,,,,,,,,,,,,,,,,,,,,,,,,,,,,,,"// ifc(fab_ifc:fab_add:fab_drop:msf_mtf);",,
"mfd_sec_lba",,,,,,,,,,,,,,,,,,,,,,,,,,,,,,,,,,,,,,,,,,,,,,,,,,,,,
"mfd_sec",,,,,,,,,,,,,,,,,,,,,,,,,,,,,,,,,,,,,,,,,,,,,,,,,,,,,
"mfd_data_cluster",,,"// ifc(fab_ifc:fab_add:fab_drop);",,,,,,,,,,,,,,,,,,,,,,,,,,,,,,,,,,,,,,,,,,,,,,,,,,
"mfd_data_fab",,,"ifc(ifc_2:fab_add:fab_drop); // mdf_msf",,,,,,,,,,,,,,,,,,,,,,,,,,,,,,,,,,,,,,,,,,,,,,,,,,
"mfd_data_lba",,,,,,,,,,,,,,,,,,,,,,,,,,,,,,,,,,,,,,,,,,,,,,,,,,,,,
"mfd_data",,,,,,,,,,,,,,,,,,,,,,,,,,,,,,,,,,,,,,,,,,,,,,,,,,,,,
"sfd_stig_cluster",,,,,,,,,,,,,,,,,,,,,,,,,,,,,,,,,,,,,,,,,,,,,,,,,,,,,
"sfd_stig_fab",,,,,,,"ifc(ifc_2:fab_add:fab_drop); // ssf_mdf",,,,,,,,,,,,,,,,,,,,,,,,,,,,,,,,,,,,,,,,,,,,,,
"sfd_stig_lba",,,,,,,,,,,,,,,,,,,,,,,,,,,,,,,,,,,,,,,,,,,,,,,,,,,,,
"sfd_stig",,,,,,,,,,,,,,,,,,,,,,,,,,,,,,,,,,,,,,,,,,,,,,,,,,,,,
"sfd_data_cluster",,,,,,,,,,,,,,,,,,,,,,,,,,,,,,,,,,,,,,,,,,,,,,,,,,,,,
"sfd_data_fab",,,,,,,,,,,"ifc(ifc_2:fab_add:fab_drop); // sdf_ssf",,,,,,,,,,,,,,,,,,,,,,,,,,,,,,,,,,,,,,,,,,
"sfd_data_lba",,,,,,,,,,,,,,,,,,,,,,,,,,,,,,,,,,,,,,,,,,,,,,,,,,,,,
"sfd_data",,,,,,,,,,,,,,,,,,,,,,,,,,,,,,,,,,,,,,,,,,,,,,,,,,,,,
"spi_cntl_cluster",,,,,,,,,,,,,,,,,,,,,,,,,,,,,,,,,,,,,,,,,,,,,,,,,,,,,
"spi_cntl_fab",,,,,,,,,,,,,,,"ifc(ifc_2:fab_add:fab_drop); // scf_sdf",,,,,,,,,,,,,,,,,,,,,,,,,,,,,,,,,,,,,,
"spi_cntl_lba",,,,,,,,,,,,,,,,,,,,,,,,,,,,,,,,,,,,,,,,,,,,,,,,,,,,,
"spi_cntl",,,,,,,,,,,,,,,,,,,,,,,,,,,,,,,,,,,,,,,,,,,,,,,,,,,,,
"sd_flash_cluster",,,,,,,,,,,,,,,,,,,,,,,,,,,,,,,,,,,,,,,,,,,,,,,,,,,,,
"sd_flash_fab",,,,,,,,,,,,,,,,,,,"ifc(ifc_2:fab_add:fab_drop); // sff_scf",,,,,,,,,,,,,,,,,,,,,,,,,,,,,,,,,,
"sd_flash_lba",,,,,,,,,,,,,,,,,,,,,,,,,,,,,,,,,,,,,,,,,,,,,,,,,,,,,
"sd_flash",,,,,,,,,,,,,,,,,,,,,,,,,,,,,,,,,,,,,,,,,,,,,,,,,,,,,
"i2c_cluster",,,,,,,,,,,,,,,,,,,,,,,,,,,,,,,,,,,,,,,,,,,,,,,,,,,,,
"i2c_fab",,,,,,,,,,,,,,,,,,,,,,,"ifc(ifc_2:fab_add:fab_drop); // if_sff",,,,,,,,,,,,,,,,,,,,,,,,,,,,,,
"i2c_lba",,,,,,,,,,,,,,,,,,,,,,,,,,,,,,,,,,,,,,,,,,,,,,,,,,,,,
"i2c",,,,,,,,,,,,,,,,,,,,,,,,,,,,,,,,,,,,,,,,,,,,,,,,,,,,,
"avalon_fab_cluster",,,,,,,,,,,,,,,,,,,,,,,,,,,,,,,,,,,,,,,,,,,,,,,,,,,,,
"avalon_fab",,,,,,,,,,,,,,,,,,,,,,,,,,,"ifc(ifc_2:fab_add:fab_drop); // af_if",,,,,,,,,,,,,,,,,,,,,,,,,,
"avalon_bridge",,,,,,,,,,,,,,,,,,,,,,,,,,,,,,,,,,,,,,,,,,,,,,,,,,,,,
"nina",,,,,,,,,,,,,,,,,,,,,,,,,,,,,,,,,,,,,,,,,,,,,,,,,,,,,
"ddr_fab_cluster",,,,,,,,,,,,,,,,,,,,,,,,,,,,,,,,,,,,,,,,,,,,,,,,,,,,,
"ddr_fab",,,,,,,,,,,,,,,,,,,,,,,,,,,,,,,"ifc(ifc_2:fab_add:fab_drop); // df_af",,,,,,,,,,,,,,,,,,,,,,
"ddr_buf_ctrl",,,,,,,,,,,,,,,,,,,,,,,,,,,,,,,,,,,,,,,,,,,,,,,,,,,,,
"ddr_bridge_ctrl",,,,,,,,,,,,,,,,,,,,,,,,,,,,,,,,,,,,,,,,,,,,,,,,,,,,,
"ddr_ctrl",,,,,,,,,,,,,,,,,,,,,,,,,,,,,,,,,,,,,,,,,,,,,,,,,,,,,
"eth_fab_cluster",,,,,,,,,,,,,,,,,,,,,,,,,,,,,,,,,,,,,,,,,,,,,,,,,,,,,
"eth_fab",,,,,,,,,,,,,,,,,,,,,,,,,,,,,,,,,,,"ifc(ifc_2:fab_add:fab_drop); // ef_df",,,,,,,,,,,,,,,,,,
"eth_bridge",,,,,,,,,,,,,,,,,,,,,,,,,,,,,,,,,,,,,,,,,,,,,,,,,,,,,
"eth_mac",,,,,,,,,,,,,,,,,,,,,,,,,,,,,,,,,,,,,,,,,,,,,,,,,,,,,
"eth_tx",,,,,,,,,,,,,,,,,,,,,,,,,,,,,,,,,,,,,,,,,,,,,,,,,,,,,
"eth_rx",,,,,,,,,,,,,,,,,,,,,,,,,,,,,,,,,,,,,,,,,,,,,,,,,,,,,
"eth_io",,,,,,,,,,,,,,,,,,,,,,,,,,,,,,,,,,,,,,,,,,,,,,,,,,,,,
"sfd_trans_cluster",,,,,,,,,,,,,,,,,,,,,,,,,,,,,,,,,,,,,,,,,,,,,,,,,,,,,
"sfd_trans_fab",,,,,,,,,,,,,,,,,,,,,,,,,,,,,,,,,,,,,,,,"ifc(ifc_2:fab_add:fab_drop); // stf_ef",,,,,,,,,,,,,
"sfd_trans",,,,,,,,,,,,,,,,,,,,,,,,,,,,,,,,,,,,,,,,,,,,,,,,,,,,,
"sfd_trans_lba",,,,,,,,,,,,,,,,,,,,,,,,,,,,,,,,,,,,,,,,,,,,,,,,,,,,,
"mfd_trans_cluster",,,,,,,,,,,,,,,,,,,,,,,,,,,,,,,,,,,,,,,,,,,,,,,,,,,,,
"mfd_trans_fab",,,,,,,,,,,,,,,,,,,,,,,,,,,,,,,,,,,,,,,,,,,,,,,"ifc(ifc_2:fab_add:fab_drop); // mtf_stf",,,,,,
"mfd_trans_lba",,,,,,,,,,,,,,,,,,,,,,,,,,,,,,,,,,,,,,,,,,,,,,,,,,,,,
"mfd_trans",,,,,,,,,,,,,,,,,,,,,,,,,,,,,,,,,,,,,,,,,,,,,,,,,,,,,
