path	ext	bytes	category	target_module_hint
csl_gen/cGenBase_tb.cpp	.cpp	112244	PORT_CPP_TO_JAVA	cslc-csl-gen
csl_gen/cGenCmds_tb.cpp	.cpp	19360	PORT_CPP_TO_JAVA	cslc-csl-gen
csl_gen/cGenDecl_tb.cpp	.cpp	9315	PORT_CPP_TO_JAVA	cslc-csl-gen
csl_gen/cGenFifo_ao.cpp	.cpp	8764	PORT_CPP_TO_JAVA	cslc-csl-gen
csl_gen/cGenInstCmds_tb.cpp	.cpp	1156	PORT_CPP_TO_JAVA	cslc-csl-gen
csl_gen/cGenInstDecl_tb.cpp	.cpp	7477	PORT_CPP_TO_JAVA	cslc-csl-gen
csl_gen/cGenIsa_ao.cpp	.cpp	14347	PORT_CPP_TO_JAVA	cslc-csl-gen
csl_gen/cGen_ao.cpp	.cpp	1479	PORT_CPP_TO_JAVA	cslc-csl-gen
csl_gen/cGen_bz.cpp	.cpp	3125	PORT_CPP_TO_JAVA	cslc-csl-gen
csl_gen/cGen_dp.cpp	.cpp	5182	PORT_CPP_TO_JAVA	cslc-csl-gen
csl_gen/cslField.cpp	.cpp	23236	PORT_CPP_TO_JAVA	cslc-csl-gen
csl_gen/cslGenEnum.cpp	.cpp	2628	PORT_CPP_TO_JAVA	cslc-csl-gen
csl_gen/cslGenEnumFieldEM.cpp	.cpp	17823	PORT_CPP_TO_JAVA	cslc-csl-gen
csl_gen/cslGen_TB.cpp	.cpp	10396	PORT_CPP_TO_JAVA	cslc-csl-gen
csl_gen/cslInterconnectGen_TB.cpp	.cpp	32409	PORT_CPP_TO_JAVA	cslc-csl-gen
csl_gen/cslIsa.cpp	.cpp	37967	PORT_CPP_TO_JAVA	cslc-csl-gen
csl_gen/cslMemory.cpp	.cpp	2327	PORT_CPP_TO_JAVA	cslc-csl-gen
csl_gen/cslMemoryMap.cpp	.cpp	26316	PORT_CPP_TO_JAVA	cslc-csl-gen
csl_gen/cslRegister.cpp	.cpp	28579	PORT_CPP_TO_JAVA	cslc-csl-gen
csl_gen/csl_code_gen.cpp	.cpp	500	PORT_CPP_TO_JAVA	cslc-csl-gen
csl_gen/csl_enum_field.cpp	.cpp	5004	PORT_CPP_TO_JAVA	cslc-csl-gen
csl_gen/csl_gen.cpp	.cpp	6110	PORT_CPP_TO_JAVA	cslc-csl-gen
csl_gen/csl_gen_base.cpp	.cpp	3346	PORT_CPP_TO_JAVA	cslc-csl-gen
csl_gen/csl_gen_design.cpp	.cpp	2996	PORT_CPP_TO_JAVA	cslc-csl-gen
csl_gen/csl_gen_unit.cpp	.cpp	62	PORT_CPP_TO_JAVA	cslc-csl-gen
csl_gen/support.cpp	.cpp	7268	PORT_CPP_TO_JAVA	cslc-csl-gen
